ENV.temperature [K],ENV.pressure [Pa],ENV.number_density_air [kg m-3],CONC.A [mol m-3],CONC.B [mol m-3],CONC.C [mol m-3]
272.5,101253.3,44.68980861228497,0.9856866429830988,4.145823444496284e-09,0.014313352871077677
