{
  "chemical species": {
    "time": {
      "initial value [s]": 0.0
    },
    "temperature": {
      "initial value [K]": 283.9666442871094
    },
    "pressure": {
      "initial value [Pa]": 93639.3203125
    },
    "ISOPB02": {
      "initial value []": 2.0050514649483375e-05
    },
    "O3": {
      "initial value [ppmv]": 0.02670661173760891
    },
    "N2": {
      "initial value [mol m-3]": 30.968401656817974
    },
    "O2": {
      "initial value [mol m-3]": 8.307260656520022
    },
    "Ar": {
      "initial value [mol m-3]": 0.3704278360159314
    }
  }
}