{
  "chemical species": {
    "time": {
      "initial value [s]": 0.0
    },
    "temperature": {
      "initial value [K]": 292.55377197265625
    },
    "pressure": {
      "initial value [hPa]": 887.4999582767487
    },
    "CH2O": {
      "initial value [mol m-3]": 2.7691413307841264e-10
    },
    "H2O": {
      "initial value [mol m-3]": 0.009396082221632848
    },
    "ISOP": {
      "initial value [mol m-3]": 1.365436804870821e-10
    },
    "NH3": {
      "initial value [mol m-3]": 2.348697582103499e-11
    },
    "O3": {
      "initial value [mol m-3]": 1.6312214678156914e-08
    },
    "SO2": {
      "initial value [mol m-3]": 3.474812466823536e-11
    },
    "N2": {
      "initial value [mol m-3]": 0.2848987259286697
    },
    "O2": {
      "initial value [mol m-3]": 0.07642396282595558
    },
    "Ar": {
      "initial value [mol m-3]": 0.0034078096667355343
    }
  }
}